product_category,week_ending,horizon_weeks,forecast_units,model_name,model_version,dataset_version,generated_at_utc
item_1,2018-01-01,1,1278,ceramics_weekly_demand,1,weekly_v1_16dca28ce7,2026-10-07 21:03
item_10,2018-01-01,1,4811,ceramics_weekly_demand,1,weekly_v1_16dca28ce7,2026-10-07 21:03
item_11,2018-01-01,1,4377,ceramics_weekly_demand,1,weekly_v1_16dca28ce7,2026-10-07 21:03
item_12,2018-01-01,1,4149,ceramics_weekly_demand,1,weekly_v1_16dca28ce7,2026-10-07 21:03
item_13,2018-01-01,1,5493,ceramics_weekly_demand,1,weekly_v1_16dca28ce7,2026-10-07 21:03
item_14,2018-01-01,1,3562,ceramics_weekly_demand,1,weekly_v1_16dca28ce7,2026-10-07 21:03
item_15,2018-01-01,1,5779,ceramics_weekly_demand,1,weekly_v1_16dca28ce7,2026-10-07 21:03
item_16,2018-01-01,1,1507,ceramics_weekly_demand,1,weekly_v1_16dca28ce7,2026-10-07 21:03
item_17,2018-01-01,1,1986,ceramics_weekly_demand,1,weekly_v1_16dca28ce7,2026-10-07 21:03
item_18,2018-01-01,1,5494,ceramics_weekly_demand,1,weekly_v1_16dca28ce7,2026-10-07 21:03
item_19,2018-01-01,1,2372,ceramics_weekly_demand,1,weekly_v1_16dca28ce7,2026-10-07 21:03
item_2,2018-01-01,1,3476,ceramics_weekly_demand,1,weekly_v1_16dca28ce7,2026-10-07 21:03
item_20,2018-01-01,1,2932,ceramics_weekly_demand,1,weekly_v1_16dca28ce7,2026-10-07 21:03
item_21,2018-01-01,1,2371,ceramics_weekly_demand,1,weekly_v1_16dca28ce7,2026-10-07 21:03
item_22,2018-01-01,1,5238,ceramics_weekly_demand,1,weekly_v1_16dca28ce7,2026-10-07 21:03
item_23,2018-01-01,1,1764,ceramics_weekly_demand,1,weekly_v1_16dca28ce7,2026-10-07 21:03
item_24,2018-01-01,1,3939,ceramics_weekly_demand,1,weekly_v1_16dca28ce7,2026-10-07 21:03
item_25,2018-01-01,1,5314,ceramics_weekly_demand,1,weekly_v1_16dca28ce7,2026-10-07 21:03
item_26,2018-01-01,1,2879,ceramics_weekly_demand,1,weekly_v1_16dca28ce7,2026-10-07 21:03
item_27,2018-01-01,1,1318,ceramics_weekly_demand,1,weekly_v1_16dca28ce7,2026-10-07 21:03
item_28,2018-01-01,1,5728,ceramics_weekly_demand,1,weekly_v1_16dca28ce7,2026-10-07 21:03
item_29,2018-01-01,1,4263,ceramics_weekly_demand,1,weekly_v1_16dca28ce7,2026-10-07 21:03
item_3,2018-01-01,1,2218,ceramics_weekly_demand,1,weekly_v1_16dca28ce7,2026-10-07 21:03
item_30,2018-01-01,1,2372,ceramics_weekly_demand,1,weekly_v1_16dca28ce7,2026-10-07 21:03
item_31,2018-01-01,1,3437,ceramics_weekly_demand,1,weekly_v1_16dca28ce7,2026-10-07 21:03
item_32,2018-01-01,1,2633,ceramics_weekly_demand,1,weekly_v1_16dca28ce7,2026-10-07 21:03
item_33,2018-01-01,1,4253,ceramics_weekly_demand,1,weekly_v1_16dca28ce7,2026-10-07 21:03
item_34,2018-01-01,1,1542,ceramics_weekly_demand,1,weekly_v1_16dca28ce7,2026-10-07 21:03
item_35,2018-01-01,1,3914,ceramics_weekly_demand,1,weekly_v1_16dca28ce7,2026-10-07 21:03
item_36,2018-01-01,1,5108,ceramics_weekly_demand,1,weekly_v1_16dca28ce7,2026-10-07 21:03
item_37,2018-01-01,1,1708,ceramics_weekly_demand,1,weekly_v1_16dca28ce7,2026-10-07 21:03
item_38,2018-01-01,1,5417,ceramics_weekly_demand,1,weekly_v1_16dca28ce7,2026-10-07 21:03
item_39,2018-01-01,1,2686,ceramics_weekly_demand,1,weekly_v1_16dca28ce7,2026-10-07 21:03
item_4,2018-01-01,1,1313,ceramics_weekly_demand,1,weekly_v1_16dca28ce7,2026-10-07 21:03
item_40,2018-01-01,1,1765,ceramics_weekly_demand,1,weekly_v1_16dca28ce7,2026-10-07 21:03
item_41,2018-01-01,1,1261,ceramics_weekly_demand,1,weekly_v1_16dca28ce7,2026-10-07 21:03
item_42,2018-01-01,1,2181,ceramics_weekly_demand,1,weekly_v1_16dca28ce7,2026-10-07 21:03
item_43,2018-01-01,1,3170,ceramics_weekly_demand,1,weekly_v1_16dca28ce7,2026-10-07 21:03
item_44,2018-01-01,1,1694,ceramics_weekly_demand,1,weekly_v1_16dca28ce7,2026-10-07 21:03
item_45,2018-01-01,1,5241,ceramics_weekly_demand,1,weekly_v1_16dca28ce7,2026-10-07 21:03
item_46,2018-01-01,1,3525,ceramics_weekly_demand,1,weekly_v1_16dca28ce7,2026-10-07 21:03
item_47,2018-01-01,1,1349,ceramics_weekly_demand,1,weekly_v1_16dca28ce7,2026-10-07 21:03
item_48,2018-01-01,1,3166,ceramics_weekly_demand,1,weekly_v1_16dca28ce7,2026-10-07 21:03
item_49,2018-01-01,1,1690,ceramics_weekly_demand,1,weekly_v1_16dca28ce7,2026-10-07 21:03
item_5,2018-01-01,1,1060,ceramics_weekly_demand,1,weekly_v1_16dca28ce7,2026-10-07 21:03
item_50,2018-01-01,1,3919,ceramics_weekly_demand,1,weekly_v1_16dca28ce7,2026-10-07 21:03
item_6,2018-01-01,1,3546,ceramics_weekly_demand,1,weekly_v1_16dca28ce7,2026-10-07 21:03
item_7,2018-01-01,1,3499,ceramics_weekly_demand,1,weekly_v1_16dca28ce7,2026-10-07 21:03
item_8,2018-01-01,1,5059,ceramics_weekly_demand,1,weekly_v1_16dca28ce7,2026-10-07 21:03
item_9,2018-01-01,1,3008,ceramics_weekly_demand,1,weekly_v1_16dca28ce7,2026-10-07 21:03
item_1,2018-01-08,2,1275,ceramics_weekly_demand,1,weekly_v1_16dca28ce7,2026-10-07 21:03
item_10,2018-01-08,2,4561,ceramics_weekly_demand,1,weekly_v1_16dca28ce7,2026-10-07 21:03
item_11,2018-01-08,2,4206,ceramics_weekly_demand,1,weekly_v1_16dca28ce7,2026-10-07 21:03
item_12,2018-01-08,2,4056,ceramics_weekly_demand,1,weekly_v1_16dca28ce7,2026-10-07 21:03
item_13,2018-01-08,2,5407,ceramics_weekly_demand,1,weekly_v1_16dca28ce7,2026-10-07 21:03
item_14,2018-01-08,2,3562,ceramics_weekly_demand,1,weekly_v1_16dca28ce7,2026-10-07 21:03
item_15,2018-01-08,2,5780,ceramics_weekly_demand,1,weekly_v1_16dca28ce7,2026-10-07 21:03
item_16,2018-01-08,2,1471,ceramics_weekly_demand,1,weekly_v1_16dca28ce7,2026-10-07 21:03
item_17,2018-01-08,2,1972,ceramics_weekly_demand,1,weekly_v1_16dca28ce7,2026-10-07 21:03
item_18,2018-01-08,2,5365,ceramics_weekly_demand,1,weekly_v1_16dca28ce7,2026-10-07 21:03
item_19,2018-01-08,2,2315,ceramics_weekly_demand,1,weekly_v1_16dca28ce7,2026-10-07 21:03
item_2,2018-01-08,2,3417,ceramics_weekly_demand,1,weekly_v1_16dca28ce7,2026-10-07 21:03
item_20,2018-01-08,2,2900,ceramics_weekly_demand,1,weekly_v1_16dca28ce7,2026-10-07 21:03
item_21,2018-01-08,2,2309,ceramics_weekly_demand,1,weekly_v1_16dca28ce7,2026-10-07 21:03
item_22,2018-01-08,2,5084,ceramics_weekly_demand,1,weekly_v1_16dca28ce7,2026-10-07 21:03
item_23,2018-01-08,2,1785,ceramics_weekly_demand,1,weekly_v1_16dca28ce7,2026-10-07 21:03
item_24,2018-01-08,2,3851,ceramics_weekly_demand,1,weekly_v1_16dca28ce7,2026-10-07 21:03
item_25,2018-01-08,2,5187,ceramics_weekly_demand,1,weekly_v1_16dca28ce7,2026-10-07 21:03
item_26,2018-01-08,2,2877,ceramics_weekly_demand,1,weekly_v1_16dca28ce7,2026-10-07 21:03
item_27,2018-01-08,2,1310,ceramics_weekly_demand,1,weekly_v1_16dca28ce7,2026-10-07 21:03
item_28,2018-01-08,2,5582,ceramics_weekly_demand,1,weekly_v1_16dca28ce7,2026-10-07 21:03
item_29,2018-01-08,2,4165,ceramics_weekly_demand,1,weekly_v1_16dca28ce7,2026-10-07 21:03
item_3,2018-01-08,2,2194,ceramics_weekly_demand,1,weekly_v1_16dca28ce7,2026-10-07 21:03
item_30,2018-01-08,2,2313,ceramics_weekly_demand,1,weekly_v1_16dca28ce7,2026-10-07 21:03
item_31,2018-01-08,2,3366,ceramics_weekly_demand,1,weekly_v1_16dca28ce7,2026-10-07 21:03
item_32,2018-01-08,2,2637,ceramics_weekly_demand,1,weekly_v1_16dca28ce7,2026-10-07 21:03
item_33,2018-01-08,2,4161,ceramics_weekly_demand,1,weekly_v1_16dca28ce7,2026-10-07 21:03
item_34,2018-01-08,2,1520,ceramics_weekly_demand,1,weekly_v1_16dca28ce7,2026-10-07 21:03
item_35,2018-01-08,2,3842,ceramics_weekly_demand,1,weekly_v1_16dca28ce7,2026-10-07 21:03
item_36,2018-01-08,2,4953,ceramics_weekly_demand,1,weekly_v1_16dca28ce7,2026-10-07 21:03
item_37,2018-01-08,2,1701,ceramics_weekly_demand,1,weekly_v1_16dca28ce7,2026-10-07 21:03
item_38,2018-01-08,2,5224,ceramics_weekly_demand,1,weekly_v1_16dca28ce7,2026-10-07 21:03
item_39,2018-01-08,2,2647,ceramics_weekly_demand,1,weekly_v1_16dca28ce7,2026-10-07 21:03
item_4,2018-01-08,2,1310,ceramics_weekly_demand,1,weekly_v1_16dca28ce7,2026-10-07 21:03
item_40,2018-01-08,2,1776,ceramics_weekly_demand,1,weekly_v1_16dca28ce7,2026-10-07 21:03
item_41,2018-01-08,2,1272,ceramics_weekly_demand,1,weekly_v1_16dca28ce7,2026-10-07 21:03
item_42,2018-01-08,2,2149,ceramics_weekly_demand,1,weekly_v1_16dca28ce7,2026-10-07 21:03
item_43,2018-01-08,2,3095,ceramics_weekly_demand,1,weekly_v1_16dca28ce7,2026-10-07 21:03
item_44,2018-01-08,2,1684,ceramics_weekly_demand,1,weekly_v1_16dca28ce7,2026-10-07 21:03
item_45,2018-01-08,2,5038,ceramics_weekly_demand,1,weekly_v1_16dca28ce7,2026-10-07 21:03
item_46,2018-01-08,2,3488,ceramics_weekly_demand,1,weekly_v1_16dca28ce7,2026-10-07 21:03
item_47,2018-01-08,2,1318,ceramics_weekly_demand,1,weekly_v1_16dca28ce7,2026-10-07 21:03
item_48,2018-01-08,2,3120,ceramics_weekly_demand,1,weekly_v1_16dca28ce7,2026-10-07 21:03
item_49,2018-01-08,2,1676,ceramics_weekly_demand,1,weekly_v1_16dca28ce7,2026-10-07 21:03
item_5,2018-01-08,2,1024,ceramics_weekly_demand,1,weekly_v1_16dca28ce7,2026-10-07 21:03
item_50,2018-01-08,2,3838,ceramics_weekly_demand,1,weekly_v1_16dca28ce7,2026-10-07 21:03
item_6,2018-01-08,2,3540,ceramics_weekly_demand,1,weekly_v1_16dca28ce7,2026-10-07 21:03
item_7,2018-01-08,2,3458,ceramics_weekly_demand,1,weekly_v1_16dca28ce7,2026-10-07 21:03
item_8,2018-01-08,2,4852,ceramics_weekly_demand,1,weekly_v1_16dca28ce7,2026-10-07 21:03
item_9,2018-01-08,2,2994,ceramics_weekly_demand,1,weekly_v1_16dca28ce7,2026-10-07 21:03
item_1,2018-01-15,3,1281,ceramics_weekly_demand,1,weekly_v1_16dca28ce7,2026-10-07 21:03
item_10,2018-01-15,3,4461,ceramics_weekly_demand,1,weekly_v1_16dca28ce7,2026-10-07 21:03
item_11,2018-01-15,3,4162,ceramics_weekly_demand,1,weekly_v1_16dca28ce7,2026-10-07 21:03
item_12,2018-01-15,3,3966,ceramics_weekly_demand,1,weekly_v1_16dca28ce7,2026-10-07 21:03
item_13,2018-01-15,3,5446,ceramics_weekly_demand,1,weekly_v1_16dca28ce7,2026-10-07 21:03
item_14,2018-01-15,3,3571,ceramics_weekly_demand,1,weekly_v1_16dca28ce7,2026-10-07 21:03
item_15,2018-01-15,3,5806,ceramics_weekly_demand,1,weekly_v1_16dca28ce7,2026-10-07 21:03
item_16,2018-01-15,3,1450,ceramics_weekly_demand,1,weekly_v1_16dca28ce7,2026-10-07 21:03
item_17,2018-01-15,3,1981,ceramics_weekly_demand,1,weekly_v1_16dca28ce7,2026-10-07 21:03
item_18,2018-01-15,3,5356,ceramics_weekly_demand,1,weekly_v1_16dca28ce7,2026-10-07 21:03
item_19,2018-01-15,3,2327,ceramics_weekly_demand,1,weekly_v1_16dca28ce7,2026-10-07 21:03
item_2,2018-01-15,3,3381,ceramics_weekly_demand,1,weekly_v1_16dca28ce7,2026-10-07 21:03
item_20,2018-01-15,3,2899,ceramics_weekly_demand,1,weekly_v1_16dca28ce7,2026-10-07 21:03
item_21,2018-01-15,3,2323,ceramics_weekly_demand,1,weekly_v1_16dca28ce7,2026-10-07 21:03
item_22,2018-01-15,3,5108,ceramics_weekly_demand,1,weekly_v1_16dca28ce7,2026-10-07 21:03
item_23,2018-01-15,3,1807,ceramics_weekly_demand,1,weekly_v1_16dca28ce7,2026-10-07 21:03
item_24,2018-01-15,3,3848,ceramics_weekly_demand,1,weekly_v1_16dca28ce7,2026-10-07 21:03
item_25,2018-01-15,3,5084,ceramics_weekly_demand,1,weekly_v1_16dca28ce7,2026-10-07 21:03
item_26,2018-01-15,3,2882,ceramics_weekly_demand,1,weekly_v1_16dca28ce7,2026-10-07 21:03
item_27,2018-01-15,3,1323,ceramics_weekly_demand,1,weekly_v1_16dca28ce7,2026-10-07 21:03
item_28,2018-01-15,3,5587,ceramics_weekly_demand,1,weekly_v1_16dca28ce7,2026-10-07 21:03
item_29,2018-01-15,3,4149,ceramics_weekly_demand,1,weekly_v1_16dca28ce7,2026-10-07 21:03
item_3,2018-01-15,3,2167,ceramics_weekly_demand,1,weekly_v1_16dca28ce7,2026-10-07 21:03
item_30,2018-01-15,3,2327,ceramics_weekly_demand,1,weekly_v1_16dca28ce7,2026-10-07 21:03
item_31,2018-01-15,3,3388,ceramics_weekly_demand,1,weekly_v1_16dca28ce7,2026-10-07 21:03
item_32,2018-01-15,3,2621,ceramics_weekly_demand,1,weekly_v1_16dca28ce7,2026-10-07 21:03
item_33,2018-01-15,3,4132,ceramics_weekly_demand,1,weekly_v1_16dca28ce7,2026-10-07 21:03
item_34,2018-01-15,3,1526,ceramics_weekly_demand,1,weekly_v1_16dca28ce7,2026-10-07 21:03
item_35,2018-01-15,3,3822,ceramics_weekly_demand,1,weekly_v1_16dca28ce7,2026-10-07 21:03
item_36,2018-01-15,3,4814,ceramics_weekly_demand,1,weekly_v1_16dca28ce7,2026-10-07 21:03
item_37,2018-01-15,3,1710,ceramics_weekly_demand,1,weekly_v1_16dca28ce7,2026-10-07 21:03
item_38,2018-01-15,3,5267,ceramics_weekly_demand,1,weekly_v1_16dca28ce7,2026-10-07 21:03
item_39,2018-01-15,3,2643,ceramics_weekly_demand,1,weekly_v1_16dca28ce7,2026-10-07 21:03
item_4,2018-01-15,3,1320,ceramics_weekly_demand,1,weekly_v1_16dca28ce7,2026-10-07 21:03
item_40,2018-01-15,3,1789,ceramics_weekly_demand,1,weekly_v1_16dca28ce7,2026-10-07 21:03
item_41,2018-01-15,3,1282,ceramics_weekly_demand,1,weekly_v1_16dca28ce7,2026-10-07 21:03
item_42,2018-01-15,3,2130,ceramics_weekly_demand,1,weekly_v1_16dca28ce7,2026-10-07 21:03
item_43,2018-01-15,3,3127,ceramics_weekly_demand,1,weekly_v1_16dca28ce7,2026-10-07 21:03
item_44,2018-01-15,3,1693,ceramics_weekly_demand,1,weekly_v1_16dca28ce7,2026-10-07 21:03
item_45,2018-01-15,3,5044,ceramics_weekly_demand,1,weekly_v1_16dca28ce7,2026-10-07 21:03
item_46,2018-01-15,3,3453,ceramics_weekly_demand,1,weekly_v1_16dca28ce7,2026-10-07 21:03
item_47,2018-01-15,3,1323,ceramics_weekly_demand,1,weekly_v1_16dca28ce7,2026-10-07 21:03
item_48,2018-01-15,3,3121,ceramics_weekly_demand,1,weekly_v1_16dca28ce7,2026-10-07 21:03
item_49,2018-01-15,3,1691,ceramics_weekly_demand,1,weekly_v1_16dca28ce7,2026-10-07 21:03
item_5,2018-01-15,3,991,ceramics_weekly_demand,1,weekly_v1_16dca28ce7,2026-10-07 21:03
item_50,2018-01-15,3,3821,ceramics_weekly_demand,1,weekly_v1_16dca28ce7,2026-10-07 21:03
item_6,2018-01-15,3,3499,ceramics_weekly_demand,1,weekly_v1_16dca28ce7,2026-10-07 21:03
item_7,2018-01-15,3,3432,ceramics_weekly_demand,1,weekly_v1_16dca28ce7,2026-10-07 21:03
item_8,2018-01-15,3,4914,ceramics_weekly_demand,1,weekly_v1_16dca28ce7,2026-10-07 21:03
item_9,2018-01-15,3,2999,ceramics_weekly_demand,1,weekly_v1_16dca28ce7,2026-10-07 21:03
item_1,2018-01-22,4,1285,ceramics_weekly_demand,1,weekly_v1_16dca28ce7,2026-10-07 21:03
item_10,2018-01-22,4,4468,ceramics_weekly_demand,1,weekly_v1_16dca28ce7,2026-10-07 21:03
item_11,2018-01-22,4,4166,ceramics_weekly_demand,1,weekly_v1_16dca28ce7,2026-10-07 21:03
item_12,2018-01-22,4,4006,ceramics_weekly_demand,1,weekly_v1_16dca28ce7,2026-10-07 21:03
item_13,2018-01-22,4,5504,ceramics_weekly_demand,1,weekly_v1_16dca28ce7,2026-10-07 21:03
item_14,2018-01-22,4,3588,ceramics_weekly_demand,1,weekly_v1_16dca28ce7,2026-10-07 21:03
item_15,2018-01-22,4,5865,ceramics_weekly_demand,1,weekly_v1_16dca28ce7,2026-10-07 21:03
item_16,2018-01-22,4,1445,ceramics_weekly_demand,1,weekly_v1_16dca28ce7,2026-10-07 21:03
item_17,2018-01-22,4,1987,ceramics_weekly_demand,1,weekly_v1_16dca28ce7,2026-10-07 21:03
item_18,2018-01-22,4,5446,ceramics_weekly_demand,1,weekly_v1_16dca28ce7,2026-10-07 21:03
item_19,2018-01-22,4,2328,ceramics_weekly_demand,1,weekly_v1_16dca28ce7,2026-10-07 21:03
item_2,2018-01-22,4,3409,ceramics_weekly_demand,1,weekly_v1_16dca28ce7,2026-10-07 21:03
item_20,2018-01-22,4,2908,ceramics_weekly_demand,1,weekly_v1_16dca28ce7,2026-10-07 21:03
item_21,2018-01-22,4,2325,ceramics_weekly_demand,1,weekly_v1_16dca28ce7,2026-10-07 21:03
item_22,2018-01-22,4,5126,ceramics_weekly_demand,1,weekly_v1_16dca28ce7,2026-10-07 21:03
item_23,2018-01-22,4,1800,ceramics_weekly_demand,1,weekly_v1_16dca28ce7,2026-10-07 21:03
item_24,2018-01-22,4,3839,ceramics_weekly_demand,1,weekly_v1_16dca28ce7,2026-10-07 21:03
item_25,2018-01-22,4,5083,ceramics_weekly_demand,1,weekly_v1_16dca28ce7,2026-10-07 21:03
item_26,2018-01-22,4,2897,ceramics_weekly_demand,1,weekly_v1_16dca28ce7,2026-10-07 21:03
item_27,2018-01-22,4,1325,ceramics_weekly_demand,1,weekly_v1_16dca28ce7,2026-10-07 21:03
item_28,2018-01-22,4,5637,ceramics_weekly_demand,1,weekly_v1_16dca28ce7,2026-10-07 21:03
item_29,2018-01-22,4,4121,ceramics_weekly_demand,1,weekly_v1_16dca28ce7,2026-10-07 21:03
item_3,2018-01-22,4,2162,ceramics_weekly_demand,1,weekly_v1_16dca28ce7,2026-10-07 21:03
item_30,2018-01-22,4,2328,ceramics_weekly_demand,1,weekly_v1_16dca28ce7,2026-10-07 21:03
item_31,2018-01-22,4,3412,ceramics_weekly_demand,1,weekly_v1_16dca28ce7,2026-10-07 21:03
item_32,2018-01-22,4,2639,ceramics_weekly_demand,1,weekly_v1_16dca28ce7,2026-10-07 21:03
item_33,2018-01-22,4,4046,ceramics_weekly_demand,1,weekly_v1_16dca28ce7,2026-10-07 21:03
item_34,2018-01-22,4,1529,ceramics_weekly_demand,1,weekly_v1_16dca28ce7,2026-10-07 21:03
item_35,2018-01-22,4,3814,ceramics_weekly_demand,1,weekly_v1_16dca28ce7,2026-10-07 21:03
item_36,2018-01-22,4,4758,ceramics_weekly_demand,1,weekly_v1_16dca28ce7,2026-10-07 21:03
item_37,2018-01-22,4,1716,ceramics_weekly_demand,1,weekly_v1_16dca28ce7,2026-10-07 21:03
item_38,2018-01-22,4,5295,ceramics_weekly_demand,1,weekly_v1_16dca28ce7,2026-10-07 21:03
item_39,2018-01-22,4,2647,ceramics_weekly_demand,1,weekly_v1_16dca28ce7,2026-10-07 21:03
item_4,2018-01-22,4,1323,ceramics_weekly_demand,1,weekly_v1_16dca28ce7,2026-10-07 21:03
item_40,2018-01-22,4,1800,ceramics_weekly_demand,1,weekly_v1_16dca28ce7,2026-10-07 21:03
item_41,2018-01-22,4,1269,ceramics_weekly_demand,1,weekly_v1_16dca28ce7,2026-10-07 21:03
item_42,2018-01-22,4,2117,ceramics_weekly_demand,1,weekly_v1_16dca28ce7,2026-10-07 21:03
item_43,2018-01-22,4,3135,ceramics_weekly_demand,1,weekly_v1_16dca28ce7,2026-10-07 21:03
item_44,2018-01-22,4,1695,ceramics_weekly_demand,1,weekly_v1_16dca28ce7,2026-10-07 21:03
item_45,2018-01-22,4,5069,ceramics_weekly_demand,1,weekly_v1_16dca28ce7,2026-10-07 21:03
item_46,2018-01-22,4,3449,ceramics_weekly_demand,1,weekly_v1_16dca28ce7,2026-10-07 21:03
item_47,2018-01-22,4,1325,ceramics_weekly_demand,1,weekly_v1_16dca28ce7,2026-10-07 21:03
item_48,2018-01-22,4,3138,ceramics_weekly_demand,1,weekly_v1_16dca28ce7,2026-10-07 21:03
item_49,2018-01-22,4,1698,ceramics_weekly_demand,1,weekly_v1_16dca28ce7,2026-10-07 21:03
item_5,2018-01-22,4,948,ceramics_weekly_demand,1,weekly_v1_16dca28ce7,2026-10-07 21:03
item_50,2018-01-22,4,3798,ceramics_weekly_demand,1,weekly_v1_16dca28ce7,2026-10-07 21:03
item_6,2018-01-22,4,3520,ceramics_weekly_demand,1,weekly_v1_16dca28ce7,2026-10-07 21:03
item_7,2018-01-22,4,3414,ceramics_weekly_demand,1,weekly_v1_16dca28ce7,2026-10-07 21:03
item_8,2018-01-22,4,4795,ceramics_weekly_demand,1,weekly_v1_16dca28ce7,2026-10-07 21:03
item_9,2018-01-22,4,2991,ceramics_weekly_demand,1,weekly_v1_16dca28ce7,2026-10-07 21:03
